{
  "image": {
    "floor_pert": {
      "mean": 0.036028314381837845,
      "std": 0.014741050079464912,
      "min": 0.014069437980651855,
      "max": 0.055559635162353516
    },
    "obj_color_pert": {
      "mean": 0.027700984850525856,
      "std": 0.008355192840099335,
      "min": 0.015395402908325195,
      "max": 0.040243327617645264
    },
    "ratio_floor_over_obj": 1.3006149267344156
  },
  "text": {
    "floor_pert": {
      "mean": 0.030851196497678757,
      "std": 0.013737651519477367,
      "min": 0.013859570026397705,
      "max": 0.050655484199523926
    },
    "obj_color_pert": {
      "mean": 0.15857209265232086,
      "std": 0.02182580716907978,
      "min": 0.11797451972961426,
      "max": 0.18078625202178955
    },
    "ratio_floor_over_obj": 0.19455628024864322
  }
}